{"name":"ec988c96-b767-4b8f-8caf-d311f65b761a","id":"/providers/Microsoft.Flow/flows/ec988c96-b767-4b8f-8caf-d311f65b761a","type":"Microsoft.Flow/flows","properties":{"apiId":"/providers/Microsoft.PowerApps/apis/shared_logicflows","displayName":"UpdateRequestCount","definition":{"metadata":{"workflowEntityId":null,"processAdvisorMetadata":null,"flowclientsuspensionreason":"None","flowclientsuspensiontime":null,"flowclientsuspensionreasondetails":null,"creator":{"id":"27523373-2e43-498e-954e-b42e77831b1a","type":"User","tenantId":"1c3bd3e8-1b6d-423a-a3e4-813b1f3f6619"},"provisioningMethod":"FromDefinition","failureAlertSubscription":true,"clientLastModifiedTime":"2022-08-31T05:13:09.859824Z"},"$schema":"https://schema.management.azure.com/providers/Microsoft.Logic/schemas/2016-06-01/workflowdefinition.json#","contentVersion":"1.0.0.0","parameters":{"$connections":{"defaultValue":{},"type":"Object"},"$authentication":{"defaultValue":{},"type":"SecureObject"}},"triggers":{"When_an_item_is_created_or_modified":{"recurrence":{"frequency":"Minute","interval":5},"splitOn":"@triggerOutputs()?['body/value']","metadata":{"operationMetadataId":"f6290acc-8351-4861-aa31-69e21bc0dc8b"},"type":"OpenApiConnection","inputs":{"host":{"apiId":"/providers/Microsoft.PowerApps/apis/shared_sharepointonline","connectionName":"shared_sharepointonline","operationId":"GetOnUpdatedItems"},"parameters":{"dataset":"https://gmfdev.sharepoint.com/sites/M365POC","table":"d73a84c1-05e1-46ab-9d70-1cc3f493d59e"},"authentication":"@parameters('$authentication')"}}},"actions":{"Get_items-Countries":{"runAfter":{},"metadata":{"operationMetadataId":"ddd86c81-4095-4a37-a545-4cd6a23cdcd2"},"type":"OpenApiConnection","inputs":{"host":{"apiId":"/providers/Microsoft.PowerApps/apis/shared_sharepointonline","connectionName":"shared_sharepointonline","operationId":"GetItems"},"parameters":{"dataset":"https://gmfdev.sharepoint.com/sites/M365POC","table":"6f632e62-7ff6-4f2d-91d1-7868969a71ab"},"authentication":"@parameters('$authentication')"}},"Compose":{"runAfter":{"Get_items-Countries":["Succeeded"]},"metadata":{"operationMetadataId":"535904f4-6cd2-4e5f-9541-b0b3fcb52dcd"},"type":"Compose","inputs":"@outputs('Get_items-Countries')?['body/value']"},"Select-Country_Names":{"runAfter":{"Compose":["Succeeded"]},"metadata":{"operationMetadataId":"761878fa-a167-42ff-aa88-4440f2cb69df"},"type":"Select","inputs":{"from":"@outputs('Get_items-Countries')?['body/value']","select":{"ID":"@{item()?['ID']}","Country":"@{item()?['Title']}"}}},"Apply_to_each":{"foreach":"@body('Select-Country_Names')","actions":{"Condition":{"actions":{"Compose_2":{"runAfter":{},"metadata":{"operationMetadataId":"211892d3-bf2c-45ca-88b1-3255ff83ea31"},"type":"Compose","inputs":"@{items('Apply_to_each')}: @{length(outputs('Get_items-Requests')?['body/value'])}"},"Update_item":{"runAfter":{"Compose_2":["Succeeded"]},"metadata":{"operationMetadataId":"2373a122-c1c4-4c03-92c8-31639157ef2c"},"type":"OpenApiConnection","inputs":{"host":{"apiId":"/providers/Microsoft.PowerApps/apis/shared_sharepointonline","connectionName":"shared_sharepointonline","operationId":"PatchItem"},"parameters":{"dataset":"https://gmfdev.sharepoint.com/sites/M365POC","table":"6f632e62-7ff6-4f2d-91d1-7868969a71ab","id":"@items('Apply_to_each')?['ID']","item/Title":"@items('Apply_to_each')?['Country']","item/RequestCount":"@length(outputs('Get_items-Requests')?['body/value'])"},"authentication":"@parameters('$authentication')"}}},"runAfter":{"Get_items-Requests":["Succeeded"]},"expression":{"greaterOrEquals":["@length(outputs('Get_items-Requests')?['body/value'])",1]},"metadata":{"operationMetadataId":"edeb3075-f299-437a-93f1-282a38352cf8"},"type":"If"},"Compose_-_log_current_item":{"runAfter":{},"metadata":{"operationMetadataId":"7a8bccf5-d06d-4abc-9f60-29fb92bafa07"},"type":"Compose","inputs":"@items('Apply_to_each')?['Country']"},"Get_items-Requests":{"runAfter":{"Compose_-_log_current_item":["Succeeded"]},"metadata":{"operationMetadataId":"4c91e9e6-fbf3-4952-b0bd-7acb9364417a"},"type":"OpenApiConnection","inputs":{"host":{"apiId":"/providers/Microsoft.PowerApps/apis/shared_sharepointonline","connectionName":"shared_sharepointonline","operationId":"GetItems"},"parameters":{"dataset":"https://gmfdev.sharepoint.com/sites/M365POC","table":"d73a84c1-05e1-46ab-9d70-1cc3f493d59e","$filter":"Country/Title eq '@{outputs('Compose_-_log_current_item')}'"},"authentication":"@parameters('$authentication')"}}},"runAfter":{"Select-Country_Names":["Succeeded"]},"metadata":{"operationMetadataId":"dcd2a4c4-619b-461e-b2e1-1b6df2ca6161"},"type":"Foreach"}},"outputs":{}},"connectionReferences":{"shared_sharepointonline":{"connectionName":"89baaf1f2e804c3286ee6d5863ee0c96","source":"Embedded","id":"/providers/Microsoft.PowerApps/apis/shared_sharepointonline","tier":"NotSpecified"}},"flowFailureAlertSubscribed":false,"isManaged":false}}